Latitude,LBL regions,Longitude,P Id,P Name,P Yearmean,Pd Convex Hull,Convex Hull Sqkm,Longterm Mean 100M,Max Farm D100 Median Sqkm,Pd Max Farm D100 Median Sqkm,Pd Voronoi,T Capsum,Voronoi Area Sqkm,Ws80
29.76765801,Interior,-100.7723954,701547,Rocksprings,2017,2.118878163,4863.167773378,583.592865944,2907.107338752,244.575675112,186.443078942,10304.46,3813.537858497,566.796666666
40.72371414,Great Lakes,-87.02670303,701546,Meadow Lake V,2017,1.736373947,2879.5640535,355.647039414,1342.1427875,186.269301842,89.171992322,5000,2803.570868955,334.5
32.89249933,Interior,-100.9886488,701545,Amazon Wind Farm Texas,2017,2.716682024,10244.113867372,916.654987335,5704.758372500,536.622202048,340.739430770,27830,8984.284539890,873.766666666
33.35995738,Interior,-103.2767054,701544,Sterling Phase I,2017,1.370541272,261.794378034,101.583247662,103.932023,44.879334255,7.732463228,358.8,603.223043210,96.28125
43.11428833,Interior,-93.18205567,701543,Mason Wind LLC Mason City,2017,0.598621900,83.525176728,38.288228512,15.636615,15.988115075,0.152346207,50,1640.999175755,36.584722222
37.48988943,Interior,-99.95550339,701538,Bloom,2017,3.334584795,2939.196512527,459.525971413,1586.247721668,339.830275333,168.219030338,9801,3204.482863313,435.8578125
44.38170242,West,-117.2724564,701536,Willow Spring,2017,6.087546706,16.426978689,68.864817619,3.213315,311.20509505,41.085495404,100,24.339489890,63.475
37.86482032,Interior,-99.64593056,701535,Western Plains,2017,2.819109842,11844.660857789,983.085858345,8516.794035511,466.557789637,348.689352531,33391.400000000,11395.749744469,929.009861112
44.41696472,West,-117.2573929,701531,Prospector,2017,5.664979025,8.826158010,33.491983414,2.0657025,121.024203630,21.091750162,50,11.852975598,33.951234568
46.95033367,Interior,-101.1653848,701530,Oliver III,2017,1.500732805,3174.449164512,402.520523071,2279.584713202,100.313008188,87.114788546,4764,2624.950411013,378.160000000
44.42555389,West,-117.2682755,701526,Jett Creek,2017,5.522248837,9.054282319,35.731678009,1.1476125,217.843566535,,50,,34.7125
34.77948868,Interior,-102.0519222,701525,Falvez Astra,2017,3.212721811,3454.267332020,570.970405579,1825.314191,413.428440825,142.777537493,11097.6,5285.402824935,542.262222222
44.35275268,West,-117.3211624,701524,Durbin Creek,2017,4.819368117,10.374804080,30.926749706,2.2344375,111.884982239,1.713795958,50,145.875008524,30.41953125
34.80615926,Interior,-103.0965026,701519,Broadview Energy JN LLC,2017,1.499029325,6927.482890251,894.840173721,3995.155132500,272.923694784,182.640663221,10384.5,5970.042381419,852.206250000
34.57434912,Interior,-102.4691168,701517,Bethel,2017,1.595562821,20757.56565156,1004.791374206,14274.72249,278.422225216,235.658125746,33120,16865.10909576,949.850000000
44.41843185,West,-117.2741058,701516,Benson Creek,2017,3.021541505,16.547844838,35.649285316,3.435266667,72.774554135,16.146842556,50,15.482903183,33.951234568
42.00657082,Interior,-93.44978561,701513,30 MW Iowa DG Portfolio,2017,0.008997983,33340.8061111,76.402649880,355.83408,8.430895658,0.110164846,300,27231.9176439,72.233333333
42.69478624,Interior,-105.8823678,701512,Pioneer Wind Park,2016,2.743284840,1426.975406347,458.266471863,859.944328932,209.399136597,137.361204388,3914.6,1310.934923749,443.312222222
39.24755392,Southeast,-79.11635356,701511,New Creek Wind,2016,7.135731754,703.852130859,373.679697514,560.173045368,439.332991895,28.036813351,5022.5,8777.83423237,346.73625
33.69925,Interior,-97.37071976,701507,Tyler Bluff,2016,2.053534058,3179.961868772,417.307071686,1582.8424144,214.530718226,95.871424217,6530.16,3541.913795181,395.822716049
34.20573153,Interior,-101.3665969,701506,South Plains II,2016,2.833856600,9643.148492341,772.607075691,4644.749729320,535.396834043,243.490057474,27327.3,10213.083547667,735.014583333
26.11124642,Interior,-97.36886203,701505,San Roman,2016,4.000607323,720.640584530,237.339566707,323.9216939,275.909275862,82.284301983,2883,1086.148850347,228.005
26.50162735,Interior,-98.44783376,701498,Hidalgo (Los Mirasoles),2016,1.741751767,6459.014547645,556.371545791,3957.953040622,213.178375625,137.636949833,11250,6130.257906915,531.984375000
41.1153923,,-71.52188721,701488,Block Island,2016,6.659952338,22.522683704,44.875555038,8.3734625,89.568682012,,150,,
39.74010467,Northeast,-79.19253322,701487,Ringer Hill,2016,5.653270977,98.810052136,120.215087891,54.10545,144.539967785,82.940157736,558.6,94.289668762,112.958125
34.70048853,Interior,-97.80439175,701485,Rush Springs Wind Energy Center,2016,1.003501344,29527.61366544,969.393997193,13993.44717,254.098933366,147.905318750,29631.000000000,24040.514770200,902.533333333
35.76383847,Interior,-97.81209314,701484,Kingfisher Wind,2016,2.149634901,3129.833813036,487.362653732,1662.693395,234.693901578,102.580035629,6728,3804.093044125,459.005555556
36.92295433,Interior,-97.67576888,701482,Grant Wind,2016,1.612261412,6214.128755644,531.845220566,3290.792159602,200.936664466,72.000955846,10018.8,9183.778079454,502.944444444
36.96832317,Interior,-97.67441821,701481,Grant Plains,2016,1.870209275,5037.297229414,518.177612305,3340.300689069,180.502073354,87.283083996,9420.8,6907.766916544,488.873086420
36.55840132,Interior,-97.69082416,701478,Chisholm View II,2016,1.057809392,1653.984180817,217.794719696,573.127500825,82.423544381,44.647195551,1749.6,1058.055257825,205.5628125
33.90040779,Interior,-103.3385048,701473,Milo,2016,2.434840147,207.980799310,130.693466187,141.771976,57.150928051,10.222839600,506.4,792.578218654,123.96
41.99499588,Interior,-97.98059158,701472,Prairie Breeze III,2016,0.398523662,1796.631084694,160.192337036,402.482055,35.579226010,7.181939209,716,1993.890449712,151.216666667
46.8285978,Interior,-102.0627684,701469,Sunflower,2016,2.500896183,2162.424828626,454.852416992,1490.69063,188.648130162,110.527700321,5408,2544.303366337,436.605
46.60255037,Interior,-102.7963987,701467,Brady Wind II,2016,1.179393948,10190.793343824,612.595115662,5043.266487598,171.588220080,78.419358732,12018.96,11035.09559376,577.760000000
47.71757595,Interior,-111.9184999,701465,Greenfield Wind Farm,2016,3.860628101,100.683098657,93.414818287,37.513112,134.702234248,20.378724222,388.7,247.959584950,88.94640625
43.59587797,Interior,-95.41387049,701463,South Fork,2016,2.990846493,27.684470001,48.041519165,10.357329,47.966034486,0.575701406,82.8,862.94734473,45.397777778
43.84277929,Great Lakes,-83.12266642,701460,Pinnebog,2016,1.002250362,1526.564677557,224.395565987,487.341167499,94.184532440,29.656443049,1530,1547.724382323,213.984375
43.9262698,Great Lakes,-82.79506629,701459,Big Turtle II,2016,2.469212092,166.692849621,110.232916832,81.158175,71.002089438,25.370584498,411.6,227.129177902,104.854814815
44.76191936,Northeast,-68.14279803,701456,Hancock,2016,2.416118440,358.840024362,120.454946995,124.7595575,118.139245564,12.185157510,867,1209.586333819,112.040625
45.12696838,Northeast,-69.69904191,701455,Bingham Wind,2016,3.435963861,3011.905951090,452.509422302,2209.573902665,262.282605393,135.564578485,10348.8,4274.957414952,419.144444444
39.85017893,Interior,-96.37152608,701452,Marshall Wind Energy,2016,1.906494398,1359.563397023,287.755777359,850.631856001,109.697278960,67.932184986,2592,1373.605162556,273.395000000
37.55616446,Interior,-98.270773,701451,Kingman Wind Energy Center,2016,1.491716854,16615.75381008,1003.990745544,12816.77874804,232.064550577,177.058511239,24786.000000000,16798.51467852,948.133333333
40.92077404,Interior,-94.67474818,701445,Adams,2016,2.748935724,3591.999592787,503.823089599,2301.709728,274.555586359,164.537476178,9874.176000000,3840.749710515,473.671111111
37.67332548,Interior,-104.5069511,701444,Peak View Wind,2016,2.654050034,779.653726732,281.032741547,423.98960075,165.933692420,57.573689649,2069.24,1221.984563239,277.9925
33.65295669,Interior,-99.51820618,701438,Green Pastures II,2015,3.124349425,2400.49974578,405.351161957,855.670320835,438.252900527,84.396974017,7500,4443.287266760,382.916666667
26.19276501,Interior,-97.48520966,701437,Cameron,2015,1.935456878,4688.815391881,417.808649540,2224.33831125,224.392574401,93.307814007,9075,5349.230450982,399.381481481
35.30171609,Interior,-102.719656,701435,Spinning Spur 3,2015,2.891223223,6508.663824781,845.083415985,3547.513593080,514.542355400,353.745946070,18818,5160.047826077,806.3125
33.74534399,Interior,-101.4547681,701432,Pleasant Hill,2015,2.793973323,77.953500214,89.987504005,51.93932425,46.126899697,1.533673805,217.8,1562.131394901,84.82375
31.81749079,Interior,-98.69413696,701431,Logan's Gap Wind,2015,1.206127455,14433.549232554,740.259255409,6087.149518950,248.812173134,133.865144892,17408.7,11314.049682003,714.946666667
32.99301744,Interior,-101.6624234,701430,Stephens Ranch II,2015,1.850093359,8189.078633880,733.061697006,5168.482893779,269.682912500,204.176267149,15150.56,6826.706842393,690.374814814
26.48209986,Interior,-98.59040009,701428,Los Vientos III,2015,1.746362413,11452.3765787,765.306997299,8449.979405000,236.686967405,192.300989832,20000,10400.3624825,731.375000000
33.64448143,Interior,-99.39286255,701425,Green Pastures I,2015,2.400135897,3124.82306061,400.298023224,1250.984052085,299.764013278,55.176706748,7500,6796.34617765,377.5625
35.19782669,Interior,-98.90665745,701420,Little Elk,2015,2.518148195,1087.306936468,304.557301521,691.051512918,146.596886204,47.386977184,2738,2137.844741733,287.43796875
36.94611626,Interior,-97.17587855,701418,Kay Wind,2015,2.108587472,18434.14158742,1046.316165924,13305.15976491,379.784992384,273.563663568,38870,18471.38590739,993.687500000
34.38900299,Interior,-97.17446167,701416,Arbuckle Mountain,2015,1.971412453,2536.252621005,421.150445938,936.459498335,266.962960432,110.911796750,5000,2254.04336893,391.2265625
33.92213309,Interior,-103.4978921,701409,Roosevelt,2015,1.296741746,24098.861694125,1041.100740432,13428.943229125,290.882903691,142.394198911,31250,27432.648449625,991.503906250
33.90187115,Interior,-103.4088186,701408,Milo,2015,2.579038720,62.814101532,74.135733604,25.7387355,56.646139434,1.323400551,162,1101.707263989,70.407500000
44.46858902,Northeast,-71.22280273,701407,Jericho Mountain,2015,7.718036850,9.231622158,36.404223442,1.31337875,271.246965127,57.771550115,71.25,6.166530053,33.273456790
48.96476512,Interior,-99.60268748,701403,Border Winds Project,2015,1.323042637,8503.127325675,605.349898338,4279.572040627,197.157564353,87.800737651,11250,9609.828147000,575.25
44.61407937,Northeast,-70.36862946,701400,Saddleback Ridge,2015,8.500690691,27.156616844,64.356489658,8.966046000,231.724218234,15.869014042,230.85,130.924958194,62.960000000
39.3236316,Southeast,-79.38913218,701399,Fair Wind,2015,6.568049489,54.810792850,94.637872696,26.434377,163.423560162,3.533283385,360,1222.658793288,94.198125
38.43162365,Interior,-99.53446541,701395,Alexander,2015,1.542067144,596.601778052,158.583469391,218.412906666,84.244105721,25.290467659,920,727.546846824,150.133333333
38.99665907,Interior,-99.45016813,701393,Buckeye,2015,1.964966938,11427.042136384,903.673660278,9647.743476000,260.664177717,201.789419646,22453.76,12462.601480336,853.720000000
40.63700966,Great Lakes,-87.37770198,701392,Amazon Wind Farm (Fowler Ridge),2015,3.251883786,2988.267920527,478.410794735,2202.1566125,286.826784442,256.305806151,9717.5,2464.390134141,455.054166666
41.94313812,Interior,-94.89090898,701385,Carroll Area,2015,2.001940161,93.059724591,70.792932987,35.4777165,47.260651626,10.482431195,186.3,159.953351360,66.807500000
38.9975883,Interior,-104.2294311,701383,Golden West Wind Farm,2015,1.577987966,22650.679706245,1109.078404903,15486.131762515,334.664755503,286.772964142,35742.5,18072.353910690,1087.842361111
37.71563387,West,-121.6325871,701381,Golden Hills,2015,4.222434406,927.616541347,362.053001404,572.706335112,328.277143927,320.745460476,3916.8,586.154515550,344.013333333
35.0587499,West,-118.2482409,701379,Rising Tree South,2015,8.185366503,725.68528215,636.933689118,169.768551845,2099.328739788,551.119177709,5940,646.684082892,640.296296298
32.28858414,West,-110.0883988,701378,Red Horse 2,2015,4.355618584,103.314831492,100.647568703,62.607735,107.814154274,18.777963940,450,359.463891909,97.096875
33.50107247,Interior,-98.50037902,701376,Windthorst-2,2014,2.447862382,736.642718731,223.280530930,318.426353468,158.559740581,42.695730879,1803.2,1182.544459594,210.497777778
32.9078684,Interior,-101.6536026,701375,Stephens Ranch 1,2014,2.052006142,12146.142979912,951.910659790,8710.727614900,337.632791429,268.046236818,24923.96,10972.089423473,903.617777778
35.32269287,Interior,-101.5324112,701372,Pantex Renewable Energy Project,2014,,,42.815418243,2.4358375,118.029219930,,57.5,,40.72734375
35.42636976,Interior,-101.3160431,701371,Panhandle Wind 2,2014,1.003872026,14846.513913063,709.638193130,5141.411646352,234.803996069,74.075209550,14904,16297.274180367,675.337500000
35.43107076,Interior,-101.2919549,701370,Panhandle Wind 1,2014,1.354523412,18378.124564772,1019.236652375,9714.324377430,297.257687494,101.045825345,24893.6,28577.703137612,966.715000000
36.42257558,Interior,-101.0305225,701369,Palo Duro,2014,1.406538542,25062.377562720,1200.173538208,16552.650760128,306.668271660,254.621530956,35251.2,19936.149079536,1128.560000000
44.94311281,Interior,-97.74620611,701364,Oak Tree,2014,1.535154754,145.815918213,88.448727608,40.810968,60.335496085,10.556290008,223.85,233.259033064,82.850625
36.10693738,Interior,-98.99346989,701362,Seiling,2014,1.856882667,12532.455826722,998.603350640,7992.237306854,340.673330316,245.334616034,23271.3,11098.075534591,933.871250001
34.44632799,Interior,-97.27036609,701361,Origin,2014,2.329504660,4637.895851558,643.950727462,2862.31028565,279.318424703,200.848025047,10804,3980.601750064,610.719259259
42.17732277,Northeast,-77.50457687,701357,Marsh Hill,2014,2.691299804,60.193962704,85.575437546,18.55044,87.329464961,21.403729587,162,75.687743736,82.003125
33.02113628,Interior,-103.8611517,701355,Anderson Wind Project,2014,2.281441729,52.422991338,65.363586426,14.634236,65.380932766,3.020112114,119.6,316.809430862,63.14625
41.93217061,Interior,-98.11013231,701353,Prairie Breeze,2014,0.988478124,23946.7110338,1019.921335221,13442.1475428,207.790785743,140.733493728,23670.8,19847.11901902,965.414814815
41.52932612,Interior,-99.55919538,701352,Broken Bow II,2014,1.071360813,2732.412799814,344.925575256,1125.488799665,106.641132311,43.969464205,2927.4,2729.698943791,322.664938272
47.71295357,Interior,-111.9555283,701349,Fairfield Wind Farm,2014,2.653815550,22.608956378,41.691129684,7.265589,49.548632602,21.239501143,60,16.949550631,39.951666667
43.87649269,Great Lakes,-82.75428467,701344,Big Turtle,2014,2.812870258,71.101750759,78.110523224,33.49385,59.712454675,16.628457638,200,120.275737144,74.208333333
43.31596338,Great Lakes,-84.52104223,701343,Beebe 1B,2014,1.540902644,686.870130282,152.600204945,278.596038,79.780029033,26.059321745,1058.4,852.915521651,144.465416667
39.64224744,Southeast,-79.00407791,701341,Fourmile Ridge,2014,5.391413408,118.707276111,143.049743652,99.028992,103.404061712,10.384606506,640,986.074917173,133.748148148
42.39005528,Interior,-92.96526502,701337,Wellsburg,2014,1.691979090,4991.551047042,471.691017151,2617.104446502,193.624675804,159.294980424,8445.600000000,3181.117186818,446.287500000
40.98860692,Interior,-103.0146399,701334,Spring Canyon Expansion,2014,1.200885143,1825.944815135,276.275382042,950.873053959,80.711352247,31.613323713,2192.75,2427.655209448,263.94375
39.35438932,Interior,-103.3962753,701333,Limon III,2014,0.803250126,29468.778458470,923.980840683,16438.511021094,169.915291988,106.320006690,23670.8,26271.20225963,884.041250000
42.74890812,Northeast,-78.24002134,701323,Orangeville Wind,2013,1.346532088,3253.15678649,447.614501953,1332.587078332,170.934390482,67.145139519,4380.480000000,3392.426639248,419.6075
40.04623283,Interior,-96.93413405,701322,Steele Flats,2013,1.747269645,1883.624551046,362.775714874,1054.950292,137.269785220,82.096331095,3291.2,1763.937536165,341.75625
43.53617891,Great Lakes,-83.55797383,701320,Tuscola II,2013,1.308050091,4524.062220273,426.161307335,2393.531406085,145.869947273,87.875446571,5917.700000000,3973.172411904,404.879305555
43.76983224,Great Lakes,-83.31680949,701319,Pheasant Run I,2013,0.869574589,3286.319580928,297.341984272,1498.836695915,78.171091166,34.690116922,2857.7,3377.495102255,280.1325
37.63753558,Interior,-101.0898387,701317,Buffalo Dunes,2013,2.810861787,11994.986789001,1099.387993812,10123.776841234,449.604314811,318.764182451,33716.25,14279.188191705,1048.6125
42.15792405,Interior,-92.83609169,701314,Vienna II,2013,2.714617175,305.862648928,148.193099976,96.926049,162.760167806,41.296096913,830.3,382.014310772,138.474375
40.73160035,Interior,-102.7920194,701313,Colorado Highlands,2013,2.079752619,160.211362139,110.494131088,77.911848,59.872793673,24.069495279,333.2,193.805476431,106.043950617
35.09782696,West,-118.2335685,701311,Alta X,2013,10.770067205,609.689788838,493.894912718,250.447677239,1258.495201373,585.804791126,6566.400000000,538.041348883,497.146666666
35.08726143,West,-118.3766618,701310,Alta XI,2013,6.040036042,741.080014933,411.483062744,217.697879900,1007.503380838,288.917729427,4476.15,759.148116094,414.219382716
32.72559208,West,-116.0231556,701309,Ocotillo Wind I,2013,1.537361703,484.726527760,156.303915024,92.256028500,145.395376520,56.612464065,745.2,236.937222598,162.570000000
39.41267681,Southeast,-79.05862999,701304,Pinnacle,2012,7.090354896,21.663231566,73.309173584,6.320890667,194.402982870,8.261953801,153.6,148.729952935,70.164444444
47.13493189,West,-117.3270777,701299,Palouse,2012,2.151703264,2814.142685277,403.793366432,1225.354647469,286.612207108,99.651932121,6055.2,3524.282896748,386.186913580
44.75146542,Northeast,-72.42403183,701297,Kingdom Community Wind,2012,9.601056836,124.986240625,154.827756882,68.01828,352.846323076,45.554130176,1200,526.845752672,149.208333333
44.66231251,Northeast,-73.07054329,701296,Georgia Mountain,2012,5.903472124,6.775673563,28.305797577,1.101708,145.229044356,16.607220820,40,9.634363373,26.618125
27.49050371,Interior,-98.98591841,701295,White Tail,2012,3.078528994,1688.598681595,457.391221046,834.299234948,355.158901731,204.663775661,5198.4,1447.783317023,434.945625
33.40498717,Interior,-98.68002209,701294,Trinity Hills,2012,1.773014117,11421.22885596,722.135038376,6849.054042003,266.095140851,142.822588227,20250,12760.58656143,682.073437500
35.30679109,Interior,-102.4732064,701293,Spinning Spur Wind Ranch,2012,2.285708401,4930.637694199,601.448478699,2562.67309067,307.842620611,27.429747891,11270,28760.74556495,573.153086420
32.99173832,Interior,-100.5309397,701290,Mozart,2012,1.838519583,195.809717368,91.628334045,84.117474,51.356749015,14.795179557,360,291.986993692,85.618333333
26.32654431,Interior,-97.5871604,701286,Los Vientos I,2012,3.103716487,5415.571966930,630.922731399,3101.261975003,455.268084858,295.339703266,16808.4,4780.615624621,601.315555556
33.02728182,Interior,-101.6967913,701282,Cirrus 1,2012,3.857304782,269.722010278,132.714982033,132.3063165,133.680692410,0.688714287,1040.4,25680.89603576,124.855555555
29.19116047,Interior,-100.1931964,701279,Anacacho,2012,3.082087070,1606.054562491,407.582170964,1011.94960075,269.035137519,98.940198663,4950,2751.662152277,392.8375
39.76730078,Northeast,-78.86963785,701272,Twin Ridges,2012,4.869439315,1724.387441107,553.589599610,1823.950459731,294.632563693,60.063941779,8396.800000000,8947.05182656,535.44
40.73448013,Northeast,-78.26972443,701270,Sandy Ridge,2012,2.633416230,474.668601938,231.552433968,180.691138542,172.947053476,40.205630527,1250,777.254319625,219.916666667
41.53197505,Northeast,-77.03010025,701267,Laurel Hill,2012,4.728272590,437.792018262,217.451319695,359.642145,172.671642808,9.661408324,2070,6427.63434885,216.854166667
40.32184563,Northeast,-78.67849706,701266,Highland North,2012,3.879645144,579.949948131,256.260480881,287.762466500,234.568464821,104.498879115,2250,645.939942819,231.625925926
45.73738389,West,-120.0725377,701264,North Hurlburt,2012,2.461800721,426.517057624,143.040113449,85.8438925,244.630099922,36.481995249,1050,575.626411242,135.458333333
35.37613181,Interior,-98.15396821,701261,Minco III,2012,1.027748746,6178.942103620,540.117682457,3402.934420725,117.567707906,71.672173959,6350.400000000,5582.015695872,510.615
36.57487869,Interior,-101.4749611,701260,KODE Novus II,2012,1.168331249,684.737312826,155.899019241,239.418873572,66.828482489,12.960626721,800,1234.508202772,146.85625
36.04550141,Interior,-98.72371556,701258,Crossroads,2012,1.642645796,253.249970819,119.246971130,60.9827985,88.680744948,6.235910209,416,867.235065758,112.883333333
42.80724208,,-78.86169688,701244,Steel Winds II,2012,3.721609369,24.183086156,42.806470871,8.038524,67.176511509,,90,,
44.92812832,Northeast,-73.93881596,701243,Marble River,2012,2.321325363,6490.903964517,548.799877167,3360.419899781,313.867025983,206.393890839,15067.5,5110.253000776,521.379687500
32.9554103,Interior,-103.2795915,701238,Wildcat Wind Project,2012,5.033989728,70.500739808,100.785817146,35.1685425,131.18826292,5.066046132,354.9,910.710222466,95.051666667
43.76169109,Northeast,-71.80639076,701236,Groton,2012,2.975537822,387.156900319,193.530235290,161.980302,170.687420993,51.125201167,1152,540.790048133,179.8425
44.78016686,Northeast,-71.30484471,701235,Granite Reliable Power,2012,2.594541801,1259.181871329,302.523425102,664.495921099,162.244788232,157.013675261,3267,686.634459202,297.513333333
46.95587125,Interior,-101.6431046,701230,Bison Wind 2,2012,2.810607163,1233.897089995,263.926468849,897.889181332,131.321328346,109.520117151,3468,1076.624122277,248.468641975
47.33967712,Interior,-110.6359421,701228,Spion Kop,2012,3.201393655,312.363960113,219.912838936,142.992975,174.833763687,81.648404074,1000,306.190920493,207.177083333
46.26536506,Interior,-109.5025744,701225,Musselshell II,2012,2.817486634,26.087080275,46.053707600,12.0835505,42.578545106,0.004770854,73.5,107842.330918,42.95375
46.28332193,Interior,-109.4713157,701224,Musselshell I,2012,3.644608112,20.166777264,45.602715969,5.37435325,95.732449295,53.450780889,73.5,9.625677894,43.831666667
43.79704256,Interior,-96.28542052,701222,Prairie Rose,2012,2.014231420,11811.19496123,980.434455871,7992.661509451,354.208309291,315.601419104,23790.480000000,8970.387801281,924.101111112
43.7154218,Interior,-95.80528819,701221,Community Wind South,2012,2.475911037,186.295061976,120.397911072,89.2739925,77.500174533,29.798691082,461.25,232.183017066,113.4375
43.85682072,Great Lakes,-82.79104712,701218,Sigel Wind Park,2012,1.060945980,2293.801989535,303.534693718,1527.801617874,62.122201528,40.590574113,2433.6,2338.237437483,287.844375
43.87495465,Great Lakes,-83.25702582,701216,McKinley Wind Park,2012,1.546060998,83.825929339,66.626359463,33.390792,34.931785985,6.807210792,129.6,171.347712848,63.280000000
43.86887278,Great Lakes,-86.35331249,701215,Lake Winds,2012,1.783985849,3164.150659275,424.851646423,1820.379970265,173.649900110,113.873162973,5644.800000000,2775.972773101,404.81
45.80015359,Great Lakes,-86.54388369,701214,Heritage Garden,2012,2.372304154,142.477514708,94.978170395,72.346716,60.735306907,22.090413606,338,198.909811213,90.720138889
43.82953898,Great Lakes,-83.20806839,701213,Harvest II,2012,0.782405605,5010.700300525,484.964384079,1651.226544,156.699515848,38.640106431,3920.4,6696.316959288,460.900000000
43.39106581,Great Lakes,-84.52403291,701212,Gratiot County,2012,0.617964298,13422.13462548,523.049606323,6666.225084,89.585453907,61.946242329,8294.400000000,9640.565392680,495.740000000
43.27123115,Great Lakes,-84.51723951,701211,Beebe Community Wind,2012,1.267500199,2188.875396665,245.324369431,939.239341000,100.431908974,45.934861512,2774.4,2053.551418141,231.111851852
44.71700126,Northeast,-68.15921061,701210,Bull Hill,2012,2.629480651,247.121042633,143.814193726,96.926049,127.377522631,13.800616399,649.8,894.612214623,135.2028125
42.72293613,Northeast,-73.03268754,701203,Hoosac,2012,3.313083331,163.442915813,159.456193924,59.6242059,172.555757258,67.461409259,541.5,152.509414093,159.3684375
37.8406828,Interior,-99.84624033,701196,Spearville 3,2012,1.522624884,4170.692378878,522.667496681,3021.940952623,132.390144702,91.927813033,6350.400000000,4352.058281359,492.432500000
37.51496306,Interior,-99.45061399,701195,Shooting Star,2012,2.532718997,2669.068304597,566.261644363,1278.315854835,343.733513387,134.332682392,6760,3270.983592207,538.85
38.84524081,Interior,-98.33307847,701194,Post Rock,2012,1.107408416,24321.650099124,1084.303464889,14411.531680322,250.435281971,196.183899433,26934,18396.800198346,1030.37625
37.61258467,Interior,-100.2802303,701191,Ensign,2012,2.313793337,1837.977459890,364.179829597,1105.682420668,165.387544002,45.409757014,4252.7,4027.022208997,344.286666667
37.87256993,Interior,-100.2739423,701189,Cimarron I,2012,3.370582607,3537.429991042,599.293693542,2170.362162002,395.542465230,225.825776566,11923.2,3801.472148376,566.940000000
41.66512487,Great Lakes,-89.09324291,701184,Shady Oaks,2012,2.171770453,3529.378526422,526.708617210,2411.6872535,222.479096003,186.224895976,7665,2881.193715743,498.312500000
41.23416489,Great Lakes,-90.14768784,701178,Bishop Hill II,2012,0.461584250,8774.129533050,373.347282410,2076.358785835,97.526497531,26.078240515,4050,7765.094423700,351.75
41.19727796,Great Lakes,-90.15054189,701177,Bishop Hill I,2012,1.066577182,26358.655031275,981.779550076,14703.315758831,254.303238897,183.562808202,28113.54,20369.599139617,925.901666667
43.03349711,West,-115.4415471,701176,Cold Springs,2012,2.684028283,3084.915331794,398.716964722,1465.672045998,338.957136664,217.355669701,8280,2285.654663082,379.9875
43.55108897,West,-111.8144092,701175,Meadow Creek,2012,3.214319443,2122.657726361,430.766920566,1264.595931398,307.533252594,181.710355975,6822.900000000,2140.248407498,420.5175
43.40483463,West,-111.7394538,701174,Horse Butte,2012,2.238168633,823.530440397,228.428375244,436.435298666,135.145805530,46.869989299,1843.2,1258.425719366,224.815
42.89193605,West,-115.040188,701173,High Mesa,2012,6.048048594,125.346215110,131.150139332,68.207219667,211.178524361,113.829187250,758.1,126.539601555,128.82
42.15983234,Interior,-92.75972222,701171,Vienna,2012,1.716622797,2772.158220878,346.890542507,1309.558451251,163.523628743,60.271433874,4758.75,3552.989139851,330.440625
41.99419308,Interior,-94.20684738,701169,Rippey,2012,2.560984960,390.47476484,153.559417725,158.0622525,126.532424305,26.706076042,1000,748.893246934,144.944444444
42.59794445,Interior,-94.60814915,701168,Pocahontas Prairie,2012,0.988328967,3237.788335592,322.857704162,1862.6436,68.719533892,37.695700381,3200,3395.612727892,305.933333333
42.17234718,Interior,-95.4491243,701166,New Harvest,2012,2.464373203,2028.91347568,410.431194305,1311.738258335,190.586802216,126.726662674,5000,1972.74981226,392.020833334
41.44187234,Interior,-94.57776694,701165,Morning Light,2012,2.149194855,2118.933045499,371.133441925,1243.1108925,164.852549548,110.189545063,4554,1859.795318002,349.3265625
39.33490198,Interior,-103.5647495,701149,Limon II,2012,1.637934699,15263.123749125,965.846061706,9486.694672912,329.408725351,227.792322849,25000,13718.63617225,924.648437500
40.74361229,Interior,-102.7524069,701147,Colorado Highlands,2012,2.184115478,1292.239365812,332.672026634,725.958187500,163.288743127,97.751054592,2822.4,1212.680522932,318.8325
37.78188777,Interior,-104.4718513,701146,Busch Ranch,2012,3.377460101,136.433884118,119.875511169,100.418913333,73.420432021,2.988391375,460.8,2467.14672728,117.937777778
35.01305214,West,-118.2084893,701138,Pinyon Pines II,2012,8.223469385,499.424246367,305.088390350,213.753583992,710.907378310,785.242600256,4107,193.518538029,314.931666667
35.05332611,West,-118.2225447,701137,Pinyon Pines I,2012,16.869309640,619.053193195,598.273749354,382.349964836,1611.447774726,1135.075259262,10443,542.815989489,587.372656250
32.75141643,West,-116.0438998,701135,Ocotillo Wind I,2012,4.338771153,4826.555552764,812.119333267,3677.878379757,535.222722653,610.217509302,20941.32,3225.872824019,786.623333333
35.02971204,West,-118.2411715,701132,Mustang Hills,2012,12.234181652,8.827725717,59.781755447,1.560753,415.184209160,1.914105577,108,338.539319786,57.306666667
33.88280861,West,-116.560699,701131,Mountain View IV,2012,7.444379904,322.525184234,483.419569015,119.007596256,988.583953476,691.448271158,2401,170.148664633,456.915925926
34.93270172,West,-118.4612714,701129,Manzana Winds,2012,6.351155557,3749.553886302,1059.684133530,2665.451351329,1125.724541362,1082.178093452,23814,2772.708132008,1065.259999999
35.05993608,West,-118.3254864,701125,Brookfield Tehachapi 1 (CCDLP),2012,10.179689199,199.220227685,261.051727295,39.615932314,1330.979656942,249.596617670,2028,211.252862688,261.945185185
35.0472393,West,-118.2441425,701124,Brookfield Tehachapi 2,2012,10.403118947,36.912007057,169.848983765,7.947089333,773.113242131,62.279313480,384,98.652339866,164.953333333
33.55208359,Interior,-101.7955109,700973,PYCO Soaring Wind Farm,2008,3.764830042,26.561623997,74.200053215,8.940778333,111.847085647,15.394089213,100,64.959997711,68.90625
35.06248808,West,-118.3410454,700972,Coram Energy LLC,2005,2.496460701,33.647635613,77.887992859,2.656977137,252.918999813,12.662755010,84,53.069020088,75.875
35.06040817,West,-118.2671553,700940,Difwind 6,1987,4.756809015,885.331319058,2207.434209830,264.509982066,3200.188308146,3458.986060875,4211.352000000,244.719619304,2167.785000000
33.93645272,West,-116.6249864,700911,Painted Hills,1985,5.512990988,1770.794659588,5577.598285665,511.588258088,10018.304356987,9192.906913155,9762.375000000,557.521894156,5513.083333327
35.09935831,West,-118.334261,700910,Tehachapi Hills,1985,2.012363717,1277.124993967,2107.381971358,265.573825102,2341.908807330,2589.167907577,2570.040000000,240.212184841,1881.986944446
33.95170537,West,-116.6632901,700899,Mesa Wind Farm,1983,3.792261517,3339.453237618,4557.861029622,1286.204303674,4440.585421522,9539.385450255,12664.08,598.728304858,4582.911666682
37.68350912,West,-121.5835288,700876,Green Ridge Power,1983,1.974228760,13747.950869981,3483.856341364,6666.095399841,2141.655758539,4909.424915686,27141.600000000,2907.974323912,3570.565925927
42.83899392,West,-114.9902988,700868,Oregon Trail,2011,4.208571193,28.869655387,62.334327221,15.304113,71.451380423,,121.5,,60.37171875
42.83690807,West,-114.9692841,700867,Tuana Gulch,2011,,,48.324537277,7.935466,64.835511865,,73.5,,46.13875
42.88174009,West,-114.9668045,700866,Thousand Springs,2011,,,52.290176392,12.779192,60.097696318,,96,,51.817777778
42.43848181,West,-113.9158392,700864,Golden Valley,2011,2.256271119,42.548078192,52.279708862,10.718032,71.654945609,,96,,50.203456790
42.68997247,West,-114.9989123,700863,Salmon Falls,2011,3.651012091,80.525616651,96.53303051,20.680305333,199.029943400,,294,,93.1
42.79097911,West,-115.0000283,700861,Pilgrim Stage Station,2011,4.220096156,17.416664761,48.322654724,7.21406,71.319063052,,73.5,,46.258333333
42.48918621,West,-113.9228346,700860,Burley Butte,2011,4.435872432,57.147720973,89.297464371,25.650706792,128.475991978,8.671417134,253.5,380.041687416,86.259012346
42.46044071,West,-114.018888,700859,Milner Dam,2011,4.789941382,52.923403399,85.441870689,24.255129708,135.868166430,0.589696310,253.5,5588.469762746,82.5540625
42.76320893,West,-114.9985504,700858,Yahoo Creek,2010,3.707550760,79.297633126,96.583605766,22.123117333,186.049729701,46.256445620,294,88.982193613,91.907407407
42.81620076,West,-115.0577749,700857,Camp Reed,2010,3.449898271,97.828971608,104.177234173,43.6708275,115.924068533,56.623762841,337.5,89.405926876,100.422916667
42.82478714,West,-115.009679,700856,Payne's Ferry,2010,5.353892605,54.913316667,96.822322845,25.279268583,162.821166539,3.667888984,294,1122.171368179,93.794814815
35.0097776,West,-118.2838556,700854,Alta III,2011,8.012715909,917.291974865,438.705087662,326.504468436,1103.047690973,421.451671490,7350,854.546379485,425.047777778
35.14573593,West,-114.0678696,700853,Kingman,2011,6.455880785,7.744876597,36.915493011,1.6066575,155.602547525,11.882749195,50,21.038902354,36.728125
39.43386027,Southeast,-79.04022573,700852,Pinnacle,2011,8.302469795,65.040887032,131.971106529,32.978560000,245.614120205,8.990199185,540,900.981149964,129.658333333
39.00077876,Southeast,-79.88694626,700851,Laurel Mountain,2011,3.930520684,1514.710258029,411.693542004,1305.41996835,278.201351906,71.791466261,5953.6,5058.673668537,393.195833333
46.54424663,West,-117.8174128,700849,Lower Snake River Phase I,2011,3.139947717,6403.482417655,639.538636207,2720.979498203,687.220833982,342.917153100,20106.6,5452.960818946,626.57296875
44.67597437,Northeast,-72.10125494,700847,Sheffield,2011,7.552912454,84.735524726,125.649047852,41.9239944,244.251535346,132.643401553,640,77.199467747,123.085
30.77195905,Interior,-102.5076568,700844,Sherbino II,2011,2.926216033,2973.977280379,555.877008438,2251.059413125,228.091491947,160.567752058,8702.5,3197.699995289,537.842361111
32.42555654,Interior,-100.6760702,700841,Loraine II,2011,2.899611469,529.726143171,259.826324463,207.764928,236.57505852,112.110362331,1536,438.425128403,250.106666667
35.23383019,Interior,-102.2017418,700840,Golden Spread Panhandle Wind Ranch,2011,3.124083741,801.739072091,295.085257530,470.140891001,175.809212903,96.534764438,2504.7,856.221077263,280.674166667
43.92475019,Interior,-98.83093371,700839,South Dakota Wind Partners,2011,1.57743368,46.594668880,55.012567520,12.35407775,41.646168205,2.196695051,73.5,234.215486453,53.0075
43.89919316,Interior,-98.7829054,700838,Crow Lake,2011,0.537450888,10080.921109476,708.327907563,2786.0320446,163.354905010,53.626591653,5418,8486.685168192,659.645000000
40.52060559,Northeast,-78.47985398,700836,Chestnut Flats,2011,5.435726210,125.834152337,148.082347870,58.78170675,209.452917935,127.754306787,684,96.372484887,157.5703125
35.86422715,Interior,-98.9430898,700832,Taloga,2011,2.547030782,2747.669973482,475.763402939,1516.126190398,249.262628924,144.665921820,6998.400000000,2612.319440846,452.430000000
35.32923683,Interior,-98.05861107,700831,Minco II,2011,1.192414145,5325.666443099,528.182375908,2545.206334127,157.187727626,49.614177279,6350.400000000,8063.727384888,499.415000000
42.31267944,Northeast,-77.53760998,700825,Howard,2011,1.723999367,803.828601189,202.686168671,294.723056334,122.253075305,34.907679081,1385.8,1032.174035862,183.942777778
43.14359892,Northeast,-74.89501706,700824,Hardscrabble,2011,1.460086008,1875.231996790,256.940412044,1008.213418718,100.480709857,47.122037167,2738,2149.864608797,245.5990625
32.55568464,Interior,-107.5090122,700823,Macho Springs Wind Farm I,2011,3.369406089,418.827521199,179.859937668,326.060464332,121.184885389,58.917520965,1411.2,670.659582286,173.39
46.96630641,Interior,-101.5464477,700819,Bison 1B (2011),2011,2.833411290,51.880925482,55.445100784,21.1011255,48.765171318,19.861933634,147,51.807644660,52.19484375
43.90261231,Interior,-96.02133331,700816,Valley View,2011,2.691586974,18.576401387,40.117759705,4.63761,53.907077137,0.479130420,50,521.778600275,37.94375
45.06810061,Interior,-94.74292564,700810,Danielson,2011,4.777271507,54.533220405,99.118621349,20.09631,168.526460827,25.460020169,260.52,133.022675457,93.84375
44.24896717,Interior,-96.40674909,700809,Community Wind North,2011,1.858615953,193.692515898,97.662139893,55.65132,77.626191077,18.483891101,360,233.717022918,91.02
43.7573705,Interior,-93.46306144,700807,Bent Tree,2011,3.070945849,7866.517739518,984.788643837,5218.700400230,560.115627613,500.396803855,24157.65,5841.515428319,929.548888889
44.91498439,Interior,-94.72384262,700806,"Adams Wind Generations, LLC",2011,4.594728494,52.338239425,87.700424194,18.55044,155.562886918,4.219182985,240.48,683.961802576,82.054814815
43.42594453,Great Lakes,-84.4474311,700803,Gratiot,2011,0.869408640,6847.873056867,437.742057323,4229.614573831,85.863521051,56.621582607,5953.6,6413.978262003,413.325833333
44.41586113,Northeast,-70.55901795,700802,Spruce Mountain,2011,5.293173779,37.784514238,88.395280838,15.372818333,130.099761581,6.597859275,200,303.128623478,84.384375
45.34599075,Northeast,-68.38023739,700801,Rollins,2011,1.435835273,1671.500933712,295.156383514,887.856133332,108.125625758,84.005863070,2400,1142.77737876,280.06875
44.66059563,Northeast,-70.63115415,700800,Record Hill,2011,6.457434665,172.390439496,148.535006523,126.71449725,193.272281637,108.789337121,1113.2,225.117650756,139.895555556
39.27105713,Southeast,-79.45132751,700799,Roth Rock,2011,8.529096166,117.245717550,153.946838379,74.20176,269.535385684,16.263632345,1000,1229.73758722,148.2
41.58752602,Great Lakes,-89.4214416,700785,Big Sky Wind,2011,2.336570424,11577.737918631,861.240008830,10265.511140132,297.783379539,309.989715309,27052.2,9861.290388173,817.272500000
42.981887,West,-115.3943155,700784,Sawtooth,2011,3.429104368,91.452451247,91.493235588,29.096708667,150.889918523,24.242528788,313.6,181.103218993,88.41
42.6877418,West,-112.9169221,700783,Rockland,2011,1.836436039,1897.588549956,296.760923386,1207.841638665,126.946443219,102.527680454,3484.8,1495.510278984,288.468125
42.72282219,West,-112.7567376,700782,Power County,2011,2.881598047,281.094027255,135.462206841,127.746,114.132732140,44.248592609,810,329.502005381,135.497500000
42.55708431,Interior,-94.76937631,700775,Pomeroy (expansion),2011,3.251992733,119.526712352,102.525310516,56.269668,89.801489499,20.585912622,388.7,245.46397785,97.5975
42.59890904,Interior,-91.37345707,700770,Elk,2011,2.467062130,292.858453457,129.484559536,118.259055,103.860968617,29.966788445,722.5,409.870414465,123.03484375
39.44677948,Interior,-103.6702038,700768,Cedar Point,2011,1.444508093,24075.877571785,1098.327156067,9745.227139738,496.049412772,198.377527772,34777.8,24368.255085574,1059.746296296
38.1655875,West,-121.7653232,700764,Shiloh III,2011,2.378705607,2330.343016352,397.56967926,865.308522775,333.114019351,176.371751941,5543.2,1634.311599378,381.889444445
33.91819081,West,-116.5873473,700762,Palm Springs (repower),2011,2.684010279,1825.812679987,1074.143523212,265.793575222,1825.286783532,1017.073249266,4900.5,477.005466767,1030.8375
35.02289059,West,-118.3078554,700758,Alta VI (partial),2011,13.237776411,479.536729037,431.095975876,265.5959247,1099.444580445,727.662793121,6348,401.295768811,424.790833333
35.0128368,West,-118.2491207,700757,Alta V,2011,12.415987626,757.732713903,511.132873535,272.040240474,1936.654662130,708.798720263,9408,743.297053078,489.478888889
35.03188427,West,-118.3161471,700756,Alta IV,2011,1.968379953,4172.974829567,731.793193818,284.437589818,2136.974934951,104.789502428,8214,5800.54285894,724.480555556
33.88278198,West,-116.4637623,700755,Edom Hills (repower),2008,7.051485509,22.690254385,68.907630920,5.547479333,230.735424702,88.636632084,160,14.440981904,63.593333333
42.02738231,Interior,-106.1748709,700751,Dunlap,2010,2.588659656,3173.070659205,692.22776413,1640.524149736,370.513289974,197.009418499,8214,3085.314421154,662.843437500
44.3484292,Great Lakes,-87.93701839,700749,Shirley,2010,1.754559241,91.190993312,62.010364532,37.07637,34.523336562,4.964696305,160,257.820402561,59.13
46.95391598,West,-120.161813,700748,Vantage Point,2010,3.250823311,1661.117656434,498.630580902,1067.310663858,303.566722391,293.070849281,5400,1105.53472239,480.853125
45.74429382,West,-120.7834702,700747,Linden,2010,5.020275040,497.980684301,383.302211762,255.06855,490.064337607,332.366228381,2500,376.091158867,340.716049382
45.94115655,West,-120.2882137,700745,Big Horn 2,2010,1.759631747,627.404002088,164.176456928,180.05522055,141.023403389,31.846781567,1104,797.317617383,160.91375
27.97742065,Interior,-97.35091839,700743,Papaolote Creek II,2010,1.468532641,11854.48625316,628.442696572,5779.820392050,262.042208454,168.870363561,17408.7,8968.754896119,601.447916666
35.94679489,Interior,-101.5383332,700740,DeWind Little Pringle #2,2010,1.933721967,25.856871282,41.797266006,8.3734625,29.856227337,1.060026477,50,235.843165715,39.715277778
35.918573,Interior,-101.5353912,700739,DeWind Little Pringle #1,2010,2.213640951,22.587222186,41.798143387,5.1529,48.516369423,1.303166992,50,191.840340918,39.71875
44.52619211,Interior,-96.63122101,700735,Buffalo Ridge II,2010,2.565413818,8513.246419330,888.853874206,4472.071890000,507.898811975,259.661351418,21840,8747.393432242,845.390000000
45.50599833,West,-120.4887986,700734,Star Point,2010,1.610116114,2881.096560925,377.238899231,1286.10317075,169.526290704,86.193853849,4638.9,2529.510983253,354.321975309
45.64206346,West,-120.5505766,700732,Biglow Canyon III,2010,4.661011660,2558.071266408,537.950809479,1287.568247998,666.737783674,506.423921010,11923.2,1695.161631168,546.560000000
35.2799546,Interior,-97.98370177,700731,Minco Wind,2010,1.485367495,4140.658806687,508.835109711,2666.974761415,142.980280697,83.042707852,6150.400000000,4591.911919320,480.522962963
36.27681056,Interior,-99.50489518,700730,Keenan II,2010,4.505393934,2223.734516249,589.615739822,1701.701936946,388.576157578,81.948146592,10018.8,8069.014706280,554.766666667
40.005686,Interior,-95.90447083,700724,Flat Water,2010,3.065741049,782.844983124,329.73651886,441.300023332,217.539077553,84.076631523,2400,1141.81548738,311.933333333
46.98124957,Interior,-101.5295701,700722,Bison Wind 1A,2010,1.556527837,378.277847773,126.018997192,138.417358667,68.060827708,21.793985416,588.8,432.266050490,121.015555556
46.27119589,Interior,-104.1687012,700719,Diamond Willow extension,2010,2.325072849,36.127900260,58.402665138,7.679968042,76.562818597,6.360921532,84,92.439436181,56.369444444
39.98894684,Interior,-94.50754509,700718,Lost Creek Ridge Wind Farm,2010,1.548658209,9685.80408153,769.471693039,7100.90292583,211.240741588,163.066873591,15000,9198.68006889,724.625
44.03120977,Interior,-96.04888153,700716,Ridgewind,2010,1.577800707,176.384760608,92.545151711,43.65521325,70.124499965,4.643316566,278.3,659.291684423,87.556944444
45.80798302,Interior,-95.89735031,700714,Grant County,2010,3.129451559,63.908961765,76.789436340,27.052725,73.929705787,22.13505893,200,90.354401419,72.520833333
44.18279343,Great Lakes,-85.30754013,700712,Stoney Corners II,2010,1.183660507,173.191551786,78.197512627,39.419685,52.004474414,6.156673200,205,332.972034335,74.3875
45.61497296,Northeast,-67.970989,700711,Stetson Wind expansion,2010,2.627231727,165.002574999,122.343544960,91.020196542,80.965546989,13.822547336,433.5,533.15064301,114.842083333
45.33522779,Northeast,-70.56640868,700710,Kibby Mountain II,2010,3.414891369,425.196541647,217.162677765,147.939759,215.925726903,77.801413931,1452,410.583797723,202.956790124
37.54988708,Interior,-99.3438942,700704,Greensburg,2010,3.116569695,40.108199790,85.463981628,17.777505,70.313578874,1.386595097,125,901.488835774,80.923456790
40.60030843,Great Lakes,-87.01801397,700700,Meadow Lake III,2010,1.057591293,5629.301263146,454.957679272,2261.396492252,165.857911819,58.090733137,5953.5,6456.632232771,427.350000000
40.64416659,Great Lakes,-87.03429136,700699,Meadow Lake II,2010,2.040282390,3398.794222238,482.060602665,1757.729266169,264.324835993,47.180186372,6934.5,9847.597810131,455.572083333
42.89324474,West,-115.0171518,700696,Tuana Springs,2010,8.615314891,15.600126253,53.648223877,4.675596667,229.9599552,,134.4,,53.177777778
43.46867233,West,-111.8415256,700694,Goshen North,2010,2.570656936,4019.789592970,616.202707768,2930.232154936,292.700528372,253.521673543,10333.5,3383.065786889,607.75453125
39.36791667,Interior,-102.3288462,700688,Kit Carson Project,2010,1.301165651,1332.651226455,265.623686790,762.024371,77.367604297,41.176453587,1734,1431.789162589,252.594814815
35.25596542,West,-118.1939583,700686,Pine Tree extension,2010,0.865675387,346.550224876,191.244373322,56.526674176,106.144578422,7.875715982,300,761.835497032,186.56875
38.1617012,West,-121.7969866,700685,Montezuma,2010,6.744788107,174.594068985,245.894470215,94.072236456,400.577273590,346.470047859,1177.6,108.763225661,237.186666667
40.89040678,West,-121.7940565,700684,Hatchett Ridge,2010,5.242239403,849.407983446,344.660358429,650.552680065,301.164234663,81.366208543,4452.8,2407.918514439,312.4
35.02604554,West,-118.2337859,700683,Alta II,2010,9.075672549,555.661299236,371.518394470,178.891941075,1155.798292295,489.398845540,5043,422.483628402,391.595555556
34.61220477,West,-110.168821,700681,Dry Lake II,2010,1.202464523,1678.303153031,203.206546783,640.927474832,97.610263963,27.192854596,2018.1,2300.644817493,197.74125
41.13031769,Interior,-105.0279388,700679,Silver Sage,2009,5.508273194,152.497882812,180.577793121,85.53814,196.403615978,148.494119572,840,113.135793178,175.933333333
43.06515665,Interior,-105.8388327,700678,Rolling Hills,2009,1.727601131,3782.123016995,627.932807922,1430.727710273,301.415843772,117.721678569,6534,3663.250518015,606.035833333
41.65593479,Interior,-106.0375318,700677,McFadden Ridge,2009,2.165540239,250.053076953,172.755610466,71.9602485,142.974770300,35.206631647,541.5,292.231875602,165.56125
41.67507016,Interior,-106.0111555,700676,High Plains,2009,3.664355126,1783.124117531,592.935075760,1046.908604287,411.921344647,410.672464941,6534,1050.092316425,565.326666667
43.02784805,Interior,-105.8223828,700675,Glenrock III,2009,1.007108758,893.647277652,221.068222046,167.135623552,129.236362308,18.859437451,900,1145.315180078,210.6075
42.88726598,Interior,-106.218698,700674,Casper Wind Farm,2009,3.636428192,49.911613929,88.863969803,23.239579,85.909473661,83.070864478,181.5,24.033697164,85.052916667
43.01491876,Interior,-106.0008781,700673,Campbell Hill,2009,3.577817811,1826.252857011,585.315696717,1344.242561515,320.808172830,361.000634471,6534,1194.579617933,560.853333333
45.7081604,West,-120.8603363,700670,Windy Point IIa (Windy Flats Extension),2009,4.864918026,272.317024229,191.545223236,113.8997016,279.150863026,81.315688033,1324.8,391.009419818,186.213333333
45.72784184,West,-120.7862932,700669,Windy Point II,2009,1.648701633,20635.389273228,1318.559608460,7538.522817349,776.241624756,701.219664743,34021.600000000,8345.052904574,1262.742777778
45.75871234,West,-120.6776786,700668,Windy Point I (Tuolomne Wind Project),2009,4.175777507,2028.173192985,487.502742767,1337.762257274,392.513989048,186.647167600,8469.200000000,2813.278158745,477.012500000
47.06043018,West,-120.2302593,700667,Wild Horse II,2009,6.862439838,141.057702924,161.812958717,62.019445583,343.376174999,233.734983401,968,91.111735565,160.55875
45.79202525,West,-120.3127465,700666,Harvest Wind Farm,2009,1.285372434,3623.46342444,328.739690781,972.369137250,215.543143001,161.486143159,4657.5,1297.866776063,347.375000000
27.08194621,Interior,-97.51854352,700660,Penescal,2009,2.146553538,7889.111405448,642.116552353,4406.614864000,322.807788723,188.536284808,16934.4,7544.911587965,617.715000000
31.93693139,Interior,-101.3008169,700657,Panther Creek II,2009,2.248901525,3954.597345337,647.711640358,2406.700910714,284.538679879,208.608054072,8893.5,3282.708824664,612.216543210
31.12417295,Interior,-100.6635945,700653,Langford,2009,1.191572550,12588.4068107,860.656261444,6270.496387500,239.215511389,147.427546714,15000,10174.4893233,814.617283951
36.02640581,Interior,-101.8908157,700652,JD Wind 8,2009,3.457137106,23.140534362,65.632301331,5.683678667,112.603128631,16.023796477,80,39.940597156,61.702222222
35.99851989,Interior,-101.8573532,700651,JD Wind 7,2009,2.317829992,34.515042207,66.207580566,7.694997333,83.170919011,,80,,62.674567901
35.81488132,Interior,-101.9818401,700650,JD Wind 11,2009,3.979220522,20.104439941,64.077529907,5.210240667,122.835016834,0.814672038,80,785.592201566,60.15875
32.50752071,Interior,-100.5819825,700649,Inadale (Roscoe IV),2008,1.562758689,24833.008624228,1633.689914704,15905.640354741,478.218281714,578.238768286,38808,13154.372237171,1550.795555555
31.96158133,Interior,-100.7758647,700647,Goat Phase II,2009,4.460247614,452.530929789,255.810689926,183.803943,318.456715589,147.579327988,2018.4,396.62465467,241.999629629
33.07259764,Interior,-98.33051734,700646,Barton Chapel,2009,2.543818330,2644.842959341,460.664093971,1169.9315343,333.544304568,194.604141047,6728,2005.219405402,431.411250000
44.47663269,Interior,-99.13610229,700644,Titan I,2009,3.514055918,71.142863353,86.149616241,27.82566,89.845128561,3.178559637,250,786.519771718,81.777777778
40.03103626,Northeast,-78.81477019,700641,Stony Creek,2009,2.695634332,643.262322067,326.660352707,335.582260433,175.682707196,92.262788164,1734,639.000849345,306.7915625
40.27493637,Northeast,-78.70028931,700638,Highland Wind Project,2009,3.338162807,468.07183788,230.272197724,220.211807917,177.386037423,130.110564477,1562.5,300.22542871,214.5
45.65274882,West,-119.9927797,700636,Willow Creek,2009,4.881086206,708.039123672,314.863174439,335.762964,494.062829395,325.851736845,3456,509.090427461,307.68
45.67059293,West,-120.316736,700634,Wheatfield,2009,5.083568727,874.110342367,341.171638489,497.098274732,411.197564726,310.550710570,4443.6,658.203613913,336.57625
45.69167287,West,-120.1212512,700631,Pebble Springs,2009,2.179945692,2127.988792329,320.851794720,907.303816478,240.303519108,98.780432752,4638.9,2207.201304200,315.37734375
45.5068988,West,-120.5838922,700630,Hay Canyon,2009,4.713479875,1026.502738488,361.214172363,516.330187334,449.795897465,255.653323396,4838.4,908.430201158,351.9525
45.68489265,West,-119.4340752,700629,Echo 8-9,2009,0.867075042,461.321085818,131.055374146,86.870083333,92.091542831,8.114651258,400,985.871080018,126.008333333
45.67574254,West,-119.4432305,700628,Echo 1-7,2009,1.551978229,1550.08617678,353.849510193,497.244357000,261.255453524,86.385820889,2405.7,1503.809290271,338.893333334
45.63984592,West,-120.6357916,700627,Biglow Canyon II,2009,3.450580197,3173.466308432,543.595968246,1642.879569995,459.906321681,315.897530981,10950.3,2391.822112862,534.836250000
36.33070443,Interior,-99.48938647,700626,OU Spirit,2009,4.104175520,1084.943852516,389.318149567,699.477911,280.099195298,33.386061515,4452.8,5868.413077428,370.724444445
35.50750564,Interior,-99.90858211,700625,Elk City,2009,1.876928774,2265.775909533,365.066258431,971.207531668,188.287357787,62.010165124,4252.7,2948.969731546,348.61578125
34.82014916,Interior,-98.47270168,700624,Blue Canyon V,2009,3.122172944,2092.773243970,556.860019684,1374.875434898,313.660415375,161.114484023,6534,2676.630860442,533.591666667
44.89893905,Northeast,-74.03575994,700622,Noble Chateaugay,2009,3.095316486,2408.477463658,531.685400009,1446.195273054,360.843386590,333.840979562,7455,1563.169388865,507.334722222
44.82063387,Northeast,-73.64967252,700621,Noble Altona,2009,4.404727012,1438.795181421,511.969161034,1005.665512650,409.616810778,383.380860518,6337.5,1074.486346148,472.008333334
42.53305176,Northeast,-77.45470688,700619,Dutch Hill/Cohocton,2009,1.294197674,4829.246817945,378.329300881,2007.141924165,155.694022549,91.936896860,6250,3399.070565485,351.423611111
34.4679143,Interior,-105.9613152,700618,High Lonesome,2009,7.970568556,501.846257504,326.637611389,349.664437333,457.581563684,159.117384619,4000,1005.546945,318.233333333
42.67245073,Interior,-97.66730294,700617,Elkhorn Ridge,2009,3.019078122,671.728228896,222.194276810,379.448524,138.959560164,71.410589064,2028,738.377888921,210.08
47.11941219,Interior,-100.6676133,700616,Wilton Wind Energy Center II,2009,0.395539005,10383.299610918,606.033292770,2083.089302419,145.897729707,17.610090594,4107,17258.17356654,569.676666666
47.34345268,Interior,-97.92885197,700612,Luverne,2009,1.706371629,957.294397415,264.257843971,556.142273501,96.927535576,32.022937705,1633.5,1683.340251183,255.6675
47.29586468,Interior,-97.94569836,700611,Ashtabula II,2009,2.652395549,3619.369668968,644.40574646,2425.412726664,316.647138673,236.518341464,9600,3247.105468632,603.675
48.53526155,Interior,-112.1757775,700610,Glacier Wind II,2009,2.004554126,5534.397828337,711.541542053,3323.712461881,287.053712059,259.989767495,11094,3669.698270019,666.712345679
44.11110676,Interior,-96.06648578,700607,Moraine II,2009,1.202658617,1358.240798501,270.883423805,526.552131874,102.374478683,31.960241629,1633.5,1686.642442396,256.69875
44.19094849,Great Lakes,-85.31686619,700604,Stoney Corners - Repower,2009,1.524461506,131.784239359,109.800677299,31.2008095,90.145097037,14.210524508,200.9,197.923728884,104.010277778
45.52562292,Northeast,-67.97871017,700603,Stetson,2009,3.822484414,566.647176332,295.954169273,420.555447435,195.712599854,50.596411700,2166,1626.755677614,279.919259259
37.37297535,Interior,-98.48128757,700593,Flat Ridge Wind Farm,2009,3.302217258,1211.307339156,338.04813385,694.960666668,230.228857077,91.708861456,4000,1744.651470544,320.9
40.63709129,Great Lakes,-86.93638704,700591,Meadow Lake,2009,1.547685845,15604.620330082,847.765995503,8143.159784350,352.931174890,237.061876967,24151.050000000,12123.31137661,795.775312500
40.71297131,Great Lakes,-87.23005619,700590,Hoosier,2009,2.115154408,2756.299954903,402.183854580,1533.69132125,209.070753389,99.402270534,5830,3225.781446217,378.52890625
40.56063995,Great Lakes,-87.44825464,700589,Fowler Ridge II,2009,2.389141013,11022.371580053,978.121490478,8513.003075966,408.326881710,376.792810329,26334,9225.462654052,930.435000000
40.33260975,Great Lakes,-89.41575888,700587,Rail Splitter,2009,1.361616817,4798.706890481,480.555859566,2849.403727738,151.345348433,123.324499581,6534,3496.823433028,453.322222222
41.19008348,Great Lakes,-88.69319302,700584,Grand Ridge II,2009,1.047270348,2407.687761479,302.985478401,865.486640250,119.448984181,81.244401973,2521.5,1272.475364328,284.77703125
43.04068928,West,-115.4735718,700581,Mountain Home,2009,5.211864024,161.170743529,132.727422714,56.424255,297.744294542,86.526166730,840,194.160918425,127.616666667
42.86509432,West,-115.0242599,700580,Cassia,2009,4.109001271,100.170326759,97.906713486,35.709597,161.368385087,19.583514947,411.6,294.247483943,94.766388889
43.34363925,Interior,-95.27757238,700575,Lost Lakes Wind Farm,2009,2.193025850,2799.625002734,490.915920258,1568.526224669,238.771047694,134.503619985,6139.65,2784.450337026,465.603209876
43.44596372,Interior,-94.98053524,700574,Iowa Lakes Superior Wind,2009,3.084109859,23.831835880,56.115109444,6.256425,82.235461945,14.923535756,73.5,34.475744114,53.169375
43.3764583,Interior,-94.13583701,700573,Iowa Lakes Lakota Wind,2009,3.635638234,20.216532910,54.332762241,6.05638775,84.951628138,26.284224357,73.5,19.574479087,51.416944444
43.3451539,Interior,-93.89076666,700571,Crystal Lake III,2009,2.159541497,1344.729890082,352.198352814,656.829704665,194.534441868,106.402641162,2904,1200.872446440,334.84
43.40534349,Interior,-92.48494882,700570,Crane Creek,2009,1.400456058,4665.623004643,518.559411049,2585.774900498,166.775537931,108.612466655,6534,3970.483437862,488.739166667
34.65490176,West,-110.2845757,700560,Dry Lake,2009,2.489706127,759.125737692,200.061020851,345.277269999,164.215848903,56.565547706,1890,1002.376929048,192.6609375
41.28951711,Interior,-110.5030084,700556,Mountain Wind I,2008,3.805715470,464.065170923,245.406238556,215.40925515,237.765549880,106.754909278,1766.1,479.761543019,237.457638889
43.06738981,Interior,-105.8192788,700554,Glenrock,2008,2.594831095,2479.930201385,622.121701241,1320.047342464,316.863635527,182.258239430,6435,2294.957974517,596.853472222
39.21226648,Southeast,-79.21395208,700553,"NedPower Mount Storm, Phase II",2008,2.223287310,3889.735689846,887.170181275,1866.615540872,426.234531203,59.779735506,8648,13309.125463044,839.5
43.62112045,Great Lakes,-88.5250958,700551,Forward Wind Project,2008,1.334961997,8504.736481537,676.710258007,4850.62328655,203.634552025,144.161176979,11353.5,6851.737206212,645.660833333
43.8862785,Great Lakes,-88.26984041,700549,Blue Sky - Green Field,2008,2.347296100,5443.539909773,670.374687195,3755.011474130,299.447500426,255.199278528,12777.6,4406.081421870,637.095555555
46.10559654,West,-119.1250556,700548,Nine Canyon III,2008,1.568453050,287.416955262,99.188718796,102.159218,61.778076649,3.673082689,450.8,1718.22976332,97.761481481
46.36031214,West,-117.8512069,700547,Marengo II,2008,4.565422260,599.681660175,292.710123539,415.927896938,256.713244737,147.610757124,2737.8,723.349721121,280.420833333
45.78182805,West,-120.5211561,700545,Goodnoe Hills,2008,4.222614888,1046.271118046,348.634804725,658.162499365,315.493514443,361.960858317,4418,573.669763536,340.697777778
40.07317225,West,-111.5838547,700544,Spanish Fork,2008,9.630642497,17.662372998,54.126681805,3.92483475,390.054638606,12.822730714,170.1,119.389546120,52.673333333
35.34606886,Interior,-101.535779,700542,Wege Wind Farm,2008,3.686481098,21.700911487,68.386650085,4.461981333,143.434037973,23.417755745,80,27.329689786,65.21
32.21043657,Interior,-101.8141164,700539,Stanton Energy Center,2008,1.403248614,6671.305360416,605.904390335,3504.712430844,211.018311657,131.604245413,9361.5,5619.564153751,571.96
32.33381542,Interior,-98.47360516,700538,Silver Star I,2008,2.688260357,535.662402005,207.032638550,229.073963000,150.868302741,27.268687778,1440,1267.38771888,196.210000000
30.81782505,Interior,-102.359595,700537,Sherbino I,2008,6.325519688,1185.67333111,480.864572525,681.422744165,550.319171485,281.789487194,7500,1330.78066089,464.5
32.47279648,Interior,-100.6610997,700536,Roscoe,2008,1.960654809,22172.184415139,1713.732590676,15444.598075820,588.273515141,621.648968705,43472,14615.399457526,1665.82796875
32.14280932,Interior,-101.3969449,700534,Ocotillo,2008,3.508737440,469.228612378,237.440254211,218.586018,210.897295361,92.827314840,1646.4,496.612447313,224.855555556
32.52782196,Interior,-99.50999725,700532,Lone Star II,2008,1.630282125,6900.646108567,655.937790871,3250.21215045,259.598438792,125.549021304,11250,6720.482495513,624.541666666
35.96139526,Interior,-101.8022528,700529,JD Wind 10,2008,,,65.204017639,4.675596667,136.880925714,,80,,61.508148148
32.78122362,Interior,-99.45894999,700528,Hackberry,2008,3.649079657,3177.321705846,609.661622048,2261.10665105,364.067435571,212.678507815,11594.3,3870.608781582,573.94625
31.9461412,Interior,-100.8111998,700527,Goat Phase I,2008,3.885367652,1647.205766112,697.582168579,795.195528000,643.866800015,425.575902895,6400,1203.075635904,665.333333334
32.39349275,Interior,-100.6123725,700525,Champion,2008,3.995803418,1741.201774097,450.754461288,1319.643435919,289.974162403,240.618543815,6957.5,1590.328384227,436.104166667
32.71320531,Interior,-100.7927011,700523,Camp Springs II,2008,3.097201211,1802.110879843,521.862930298,1156.258183181,294.459753844,169.950343022,5581.5,2003.358710233,494.833906250
32.93194648,Interior,-101.5803278,700522,Bull Creek,2008,3.175747529,10088.963216282,1423.016869546,7017.936192209,812.649166906,818.296388500,32040,6969.504057631,1344.1225
32.29596849,Interior,-100.1587501,700521,Buffalo Gap 3,2008,5.850723468,2152.691042223,678.440979004,1617.381959536,576.249286389,211.436259496,12594.8,4408.019713462,644.714722222
45.91163648,Interior,-99.02012854,700520,Tatanka,2008,2.595952266,1977.309084816,491.930465698,1404.723995531,211.937719400,147.028115904,5133,2024.878018533,463.42
39.8652473,Northeast,-78.93211916,700519,Lookout,2008,4.836988717,140.666030000,154.358991623,116.044435950,105.538881720,9.013257267,680.4,1358.798449624,143.060000000
40.09829902,Northeast,-78.86170088,700518,Forward,2008,4.915778461,83.730380305,121.537975311,35.920007083,160.423130948,24.685117645,411.6,233.436197582,114.1
45.68779446,West,-120.2400237,700517,Rattlesnake Road,2008,3.509763333,1321.713050121,353.032359123,499.729160275,436.292930915,237.709288130,4638.9,917.205641038,341.74875
36.77412796,Interior,-99.65531328,700512,Buffalo Bear,2008,2.142913600,79.377908668,70.207983971,20.05766325,76.324942787,11.179696941,170.1,136.935733412,65.3934375
44.86983179,Northeast,-73.97373355,700511,Noble Ellenburg,2008,3.981770639,1098.506266857,443.191429138,663.027433735,356.238653157,188.020101512,4374,1256.227382608,419.326875
44.92135984,Northeast,-73.99393076,700510,Noble Clinton,2008,3.399133236,1980.946180508,512.862011432,1237.682123458,364.507567371,276.647710834,6733.5,1630.754502319,487.67625
43.23383172,Northeast,-72.1453654,700507,Lempster,2008,3.638099401,79.162213086,102.360271454,34.627488,99.805102813,23.822174135,288,145.074919711,97.723333333
45.96000146,Interior,-98.95061268,700505,Tatanka,2008,2.675432152,2086.205025247,529.507709503,1651.191795969,206.197427114,150.815826175,5581.5,2257.531643951,507.638611111
48.62194188,Interior,-98.28708077,700504,Langdon II,2008,0.679443375,2543.258296214,397.579971313,922.902281198,89.873003556,13.397004475,1728,6191.234776224,379.68
48.71305141,Interior,-98.24890193,700503,Langdon - OTP,2008,1.479472116,711.740349094,217.673604965,329.50926125,83.087194260,30.684216342,1053,892.250259696,207.415
46.2756513,Interior,-104.1823966,700500,Diamond Willow Wind,2008,4.055159715,53.265472930,101.785972595,24.888507,104.144455109,39.872300463,216,65.007535805,96.633333333
40.45006229,Interior,-95.46722744,700498,Cow Branch Wind Project,2008,2.321477432,499.337182349,182.203365326,260.010606,106.998712199,75.189552837,1159.2,370.008850303,171.8775
40.21345139,Interior,-94.67361736,700497,Conception Wind Project,2008,1.474080333,820.579430602,184.997177124,350.260176,82.882388548,41.558489748,1209.6,698.543189998,173.715
43.76671413,Interior,-92.67779325,700496,Wapsipinicon Wind,2008,2.647893525,2580.919487963,548.472564697,1923.373141064,241.613023535,237.100544381,6834,1959.978629370,519.321666666
47.57358208,Interior,-92.59941177,700495,Taconite Ridge Energy Center,2008,6.973996503,35.847451301,77.066025734,15.3298775,163.080233355,4.918374670,250,508.297998416,72.903125
43.86255608,Interior,-94.85968247,700493,Odin,2008,2.996477851,66.745028655,80.509653091,30.0156425,66.631923671,30.521641251,200,65.527275665,76.49375
44.32869169,Interior,-95.81575691,700491,Marshall,2008,2.821062566,60.296429448,73.364261627,23.651811,64.726544619,15.053304968,170.1,101.698597301,70.1746875
43.61582336,Interior,-95.41214752,700487,Ewington,2008,1.594545051,131.699007115,80.744562149,47.504865,44.205998691,7.603021413,210,276.205982601,76.3
43.75909695,Interior,-94.94075267,700486,Elm Creek,2008,2.223932628,2938.038643360,531.771955490,1401.249192202,307.756823270,103.413556949,6534,4170.091550123,503.946666667
43.71643979,Great Lakes,-82.94615455,700482,Michigan Wind I,2008,1.490211022,2129.899693569,349.242177963,1482.351552882,98.494854150,94.234562726,3174,1549.367830408,331.990625
43.83788872,Great Lakes,-83.20871067,700481,Harvest Wind Farm,2008,2.982846132,1132.877745005,470.268493652,724.075537600,298.682649488,268.535108837,3379.2,805.365082195,445.920000000
38.88532155,Interior,-98.11471871,700475,Smoky Hills,2008,2.270143650,2486.538681766,447.957302093,1651.217667154,191.439812139,173.852331042,5644.800000000,1818.260348341,424.882500000
39.42364609,Interior,-97.74420786,700474,Meridian Way II,2008,4.204233930,730.691976579,264.064392090,455.894197334,215.628978335,80.291451873,3072,1224.339549309,249.6
39.41774466,Interior,-97.54869777,700473,Meridian Way,2008,4.402724841,834.710351587,291.189775467,598.969224584,214.743921258,74.920972825,3675,1716.808994190,276.162962963
40.41463686,Great Lakes,-88.59725222,700471,Twin Groves II,2008,1.463455581,596.430811777,169.062566280,214.58647985,93.554589339,30.715051162,872.85,653.606269261,158.685802469
43.31721649,Interior,-93.77054291,700467,Winnebago I,2008,3.060592773,65.346818364,80.882778168,25.265245833,79.160124275,15.025690776,200,133.105361334,76.784722222
41.45945639,Interior,-95.22941537,700465,Walnut Wind Project,2008,1.494372593,10340.794574296,811.596630096,6325.941656902,246.722635878,147.149901233,15453,10606.551461606,768.988750000
43.35892232,Interior,-93.28734207,700464,Top of Iowa III,2008,3.590653646,148.886540653,140.406372070,76.2886845,126.136661853,71.069361239,534.6,135.400119436,133.500000000
42.60906839,Interior,-94.7805603,700461,Pomeroy III,2008,1.003733763,2331.295496209,310.626860618,637.609037649,143.128460563,49.924131036,2340,1827.973729472,295.490000000
43.46474838,Interior,-92.69799233,700459,Pioneer Prairie II,2008,0.440111229,899.772543446,113.405277729,195.720743500,30.349363556,3.181882512,396,1866.8193993,106.940625
43.43339004,Interior,-95.46237755,700457,Endeavor II,2008,1.944499273,514.271213,156.144418716,195.231665,102.442398368,27.451215091,1000,728.565199534,146.649382716
43.30083233,Interior,-93.7930284,700455,Crystal Lake II,2008,1.458220038,10164.789686975,622.868034362,4482.044092164,254.645531487,123.105538444,14822.5,9271.171016492,591.768765432
43.1951878,Interior,-93.85358627,700454,Crystal Lake I,2008,1.905792159,7870.742845580,789.446973801,4513.631808690,332.326619356,185.345318583,15000,8093.001816660,736.472222222
43.03166023,Interior,-92.72640732,700453,Charles City,2008,1.803685305,2079.07664905,372.905778885,1185.7766375,158.124215025,81.425440213,3750,2302.720126655,351.875
42.56312132,Interior,-93.6255846,700452,Century Expansion,2008,1.501874058,63.920139950,63.405452728,13.775419333,55.751478878,7.306221356,96,105.115895424,60.315555556
42.15006409,Interior,-94.94529587,700451,Carroll,2008,2.086408263,7189.388703400,799.265575409,5161.373909290,290.620293426,217.334723576,15000,6901.796341230,750.791666667
33.93760113,West,-116.5685994,700448,Dillon,2008,2.771009995,730.780474941,452.771902084,247.582122429,368.059693108,234.486992556,2025,388.614306520,429.706250000
35.03512001,West,-118.3410759,700447,Alite Wind Farm,2008,10.271681203,37.384337812,148.321121216,7.511148,817.984148362,133.680343743,384,45.960384511,149.39
45.81679851,West,-120.3418733,700441,White Creek,2007,4.151871609,4192.976479067,710.759141922,2758.559496253,549.039055369,545.478456415,17408.7,2776.565934338,680.017777778
46.38612498,West,-117.7676627,700440,Marengo I,2007,2.748202574,3984.859087654,637.463453293,1942.350531272,439.773144058,212.189016945,10951.2,4025.625889124,616.395
34.11667897,Interior,-101.0963111,700438,Whirlwind Energy Center,2007,2.258897333,688.300427402,225.146581650,364.993342134,110.754896963,59.602630290,1554.8,678.238524096,215.178888889
32.23107932,Interior,-100.4802708,700437,Sweetwater V,2007,3.535183416,751.446159179,273.598606110,438.60705075,199.870247982,33.806564763,2656.5,2593.120614728,258.105833333
32.26827502,Interior,-100.4881451,700436,Sweetwater IVb,2006,1.636544580,3530.792910479,429.141895294,1324.136881780,222.555012291,70.469065553,5778.3,4181.881761677,406.5178125
32.73826036,Interior,-100.7365069,700434,Snyder,2007,6.374901136,207.532630187,173.966351509,81.248350750,341.951556475,76.789100184,1323,361.809162149,166.635
31.97724618,Interior,-101.3045217,700433,Sand Bluff,2007,1.607615281,2519.259456380,368.425011635,848.245120268,214.855347405,48.384034421,4050,3766.738391744,348.650000000
36.46699429,Interior,-101.8140526,700430,JD Wind VI,2007,4.427131659,18.070390981,66.956253052,4.263364667,150.116175846,0.915619307,80,698.980454963,63.026666667
44.33581766,Interior,-96.47687636,700425,Minn-Dakota,2007,2.318489819,838.476832727,297.918216705,544.579195201,128.510234355,88.276028160,1944,792.786008372,288.905000000
39.85952759,Northeast,-79.12841565,700424,Casselman,2007,2.382525066,318.569575900,188.412136078,100.326963,166.435816461,49.614510896,759,336.554763886,175.56
45.08366076,West,-117.8081384,700421,Elkhorn Valley (La Grande),2007,2.683274460,2213.713165878,463.822860718,820.947107526,434.132719067,166.549432024,5940,2139.90522615,450.309375000
36.6380444,Interior,-99.49987674,700419,Sleeping Bear,2007,4.479849973,949.250538769,371.020617485,585.159274877,327.026346871,191.912152622,4252.5,997.135915496,349.725000000
36.63978786,Interior,-99.60477791,700418,Centennial Wind Farm,2007,4.926893700,487.12234238,327.012481690,251.469574286,381.755925236,41.215034002,2400,2329.247138208,309.15
42.8178916,,-78.86763573,700417,Steel Winds,2007,8.915303360,17.946669176,55.473236084,4.768011333,268.455737731,10.276473075,160,124.556352226,
42.92641283,Northeast,-75.55895897,700416,Munnsville,2007,1.550038582,511.922741314,175.287656784,255.83165075,71.337928464,21.677626689,793.5,841.904893996,171.394722222
48.62139962,Interior,-98.30500831,700414,Langdon,2007,1.147430294,17365.760785584,1341.832403183,9628.00935705,335.273043501,177.802325135,19926,18155.060669556,1289.000000001
40.08592634,Interior,-94.49275151,700412,Bluegrass Ridge,2007,2.638437769,580.229716897,209.510414600,262.952487,157.193036931,71.197514048,1530.9,580.558191569,198.0534375
43.65629358,Interior,-92.60275281,700410,Prairie Star,2007,1.124983249,5105.542685386,471.471345425,2233.44323885,151.727764604,36.490400626,5743.65,9286.69853413,447.023333334
44.28989583,Interior,-96.38578081,700409,Minn-Dakota,2007,1.401006180,8633.794889236,1057.371957779,4412.429146780,345.409739013,199.576434910,12096,7636.653098298,996.719062500
43.87367037,Interior,-95.95060572,700408,Fenton,2007,1.926979608,14081.622805838,1101.156465530,8552.177064037,425.165425456,399.917788483,27135,9092.093687030,1044.4671875
46.53806725,Northeast,-67.81216393,700407,Mars Hill,2007,5.026726853,107.425769454,145.774738312,51.477471,188.820464782,42.070806276,540,231.039071044,132.737500000
41.63866711,Great Lakes,-89.14963894,700402,GSG Wind Farm,2007,1.550944913,2063.258323432,295.788841248,923.611289668,138.586439374,61.215544484,3200,2090.972171832,279.629629630
42.58957618,Interior,-94.74662391,700400,Pomeroy II,2007,1.123490846,6149.582815141,750.074999810,1825.870159530,355.691228431,162.935764645,6909,3985.902060333,714.243333333
42.08557837,Interior,-94.35059248,700397,Hardin-Hilltop,2007,4.093267945,25.138838056,53.961205006,13.25583525,54.338333754,2.963089649,102.9,243.090856313,50.794074074
43.45528755,Interior,-95.45025177,700396,Endeavor,2007,0.630192575,793.408268512,157.170448303,109.893512333,90.997182524,3.716732415,500,2690.53536364,147.792592593
43.0675415,Interior,-94.89695206,700395,Cross Winds,2007,2.183515094,96.175199610,77.935857773,59.673485,35.191509261,4.530035357,210,463.572540712,73.655555556
37.67189851,Interior,-102.8607217,700392,Twin Buttes,2007,1.735299436,1598.283237062,368.596554756,743.347303082,160.437119372,51.476459620,2773.5,2316.796859760,357.742083333
38.10132399,West,-121.7666117,700389,Solano Wind Project,2007,6.439304584,205.456968657,159.706862926,58.70441325,473.269358501,162.875511534,1323,170.578128894,152.559166667
47.02519142,West,-120.1953653,700388,Wild Horse I,2006,6.179697764,4587.020446736,1031.540657044,3530.661925096,995.550883819,1109.611106326,28346.400000000,3167.734695481,1014.647222222
45.88289944,West,-120.2818609,700387,Big Horn,2006,2.894936572,9096.57235839,972.612007141,5578.555469454,623.116148800,627.412893598,26334,5540.351553937,946.831111111
36.44549561,Interior,-101.8686027,700385,JD Wind Phase V,2006,,,64.043495178,4.339569333,147.480072523,,80,,60.9725
40.82315944,Northeast,-76.2631566,700376,Locust Ridge,2006,0.918803779,311.274296585,80.502372742,73.654950463,42.712675526,0.306646853,286,10259.358521808,75.1025
41.23707326,Northeast,-75.75191816,700375,Bear Creek,2006,5.395260285,53.380186458,97.125732422,26.795080000,128.978902097,15.034668485,288,229.868719984,93.33
45.53827303,West,-119.9091126,700374,Leaning Juniper,2006,0.014787761,462138.93642267,424.606564045,2150.480975573,212.918879637,258.855730835,6834,1768.854019661,409.663125
36.6489089,Interior,-99.62897701,700373,Centennial Wind Farm,2006,3.345010836,717.486465068,324.596672058,397.667284667,241.407839422,129.489892607,2400,741.37060482,306.533333333
47.1175655,Interior,-100.6782442,700368,Wilton Wind Farm,2006,3.012845774,120.484096179,180.172060013,39.110511,204.190633050,1.615227854,363,4944.194084918,170.84375
48.0936378,Interior,-100.904274,700367,Velva Wind Farm,2006,1.783879912,56.606949444,65.145883083,23.651811,38.424964583,3.958572584,100.98,229.582755074,62.175000000
43.94083834,Interior,-95.91802788,700359,East Ridge,2006,3.622316334,8.281993407,24.059889793,2.26954725,39.655486353,18.433358123,30,4.882452747,22.715833333
43.96098258,Interior,-95.04136242,700356,Bingham Lake,2006,1.778237076,85.056150299,91.957604408,29.880979333,55.679232646,6.891654191,151.25,241.415189148,87.095555556
46.56281607,Northeast,-67.80755506,700355,Mars Hill,2006,5.488425658,13.391818452,53.365180016,3.39598875,151.502268670,30.168756206,73.5,17.054067343,50.477777778
37.87421521,Interior,-99.75970482,700352,Spearville,2006,3.437744061,1900.665053344,558.366422653,1213.687847427,355.317061890,242.508263362,6534,1778.265177533,526.533333333
42.12660899,Interior,-95.04498836,700350,Victory,2006,0.635288141,2115.575456634,519.921997070,450.334512,191.004681427,109.032333148,1344,788.903598746,490.382222222
40.96305561,Interior,-103.0199606,700346,Spring Canyon,2006,0.985477860,2435.36673606,320.8568573,771.40634,124.448030852,26.843644245,2400,3576.265544476,304.283333333
38.10141993,West,-121.7747478,700345,Solano Phase IIA,2006,11.395378263,16.848936083,61.403381348,4.263364667,360.278822032,36.463632658,192,42.124162845,59.1975
38.14745658,West,-121.8519016,700344,Shiloh Wind Project,2006,3.040576192,5490.735619834,753.897628784,2145.256707920,817.139969092,548.000147715,16695,3198.858626785,728.233333334
37.80090868,West,-121.6584172,700343,Buena Vista,2006,6.049581484,226.296646070,269.020662785,102.664416590,493.384189791,362.717799071,1369,139.648509474,279.6275
32.30591826,Interior,-100.4378604,700336,Sweetwater Phase III,2005,1.097305805,9411.688114020,686.948636055,3059.960292903,273.378547408,147.238823357,10327.5,5681.432932766,656.100000000
32.2254013,Interior,-100.0516947,700333,Horse Hollow Expansion,2005,1.866570364,116.577442881,8.949087143,61.706379936,3.526377665,3.163739554,217.6,68.779365767,8.409375
32.32081197,Interior,-100.0051721,700332,Callahan Divide,2005,2.763985365,3052.114568935,682.653768540,1606.025143971,388.701261834,258.661783688,8436,2413.437312227,650.59875
32.30821757,Interior,-100.1197489,700331,Buffalo Gap Wind Farm,2005,3.371752334,2396.439358600,611.339537620,1501.6362605,360.522327704,264.181595730,8080.200000000,2049.247217629,582.806944444
35.46980582,Interior,-98.67363569,700328,Weatherford Wind Energy Center Expansion,2005,3.620298132,302.046947590,237.020931244,118.9546965,248.199531996,47.859065870,1093.5,616.905062045,226.620000000
34.87544518,Interior,-98.64071673,700326,Blue Canyon II,2005,5.287368605,2402.102245914,768.230907440,1946.028858799,548.227841111,449.770992083,12700.8,2372.023137952,736.680000000
43.80771111,Northeast,-75.62261274,700324,Maple Ridge (Lowville),2005,2.709508969,3894.949277458,623.936213493,2528.7533778,325.522135621,299.922716312,10553.4,2744.591040391,591.955000000
33.95496537,Interior,-103.8207471,700322,San Juan Mesa,2005,2.200926218,6326.427432612,991.354801178,4543.292120989,361.639083785,323.424869421,13924,5080.104083950,947.521562500
34.98109226,Interior,-103.3476135,700321,Caprock Wind Ranch,2005,0.642526406,1245.085015388,384.370002746,292.609547731,109.360751377,15.382166644,800,2080.331122412,367.375
42.46111213,Interior,-99.91406907,700319,Ainsworth Wind Project (NPPD),2005,2.475404126,863.858946161,302.584831238,402.767756399,191.133472769,77.575458685,2138.4,992.355073434,286.693333333
47.12524102,Interior,-100.7102255,700318,Wilton Wind Farm,2005,1.469379610,471.627614188,173.039654732,125.898962175,115.592692335,32.871199430,693,442.727988406,164.365185185
41.24272318,Great Lakes,-89.5736662,700303,Crescent Ridge I,2005,3.036152780,1183.636088224,511.910542488,832.573079798,284.880938087,297.436308168,3593.7,797.428536755,483.706666667
42.85897991,West,-114.949585,700301,Fossil Gulch,2005,,,47.421172142,4.33161575,118.777848659,,73.5,,44.189444444
42.54993642,Interior,-95.36298879,700298,Intrepid Expansion,2005,0.555734002,404.869954008,116.657402515,77.346713750,43.634691590,5.420949684,225,622.584638586,109.597916667
42.50174299,Interior,-93.66612135,700297,Century Expansion,2005,2.741741930,434.030638360,266.231540680,278.30142485,145.381936229,8.558028413,1190,4727.724430122,252.96
32.71703079,West,-116.3385843,700292,Kumeyaay Phase I,2005,8.099190202,148.162960751,198.920082092,80.8799184,356.083445306,42.590997054,1200,676.199243791,191.200000000
37.76341174,West,-121.6318079,700287,Diablo Winds,2004,1.478190646,401.396126707,224.911154747,118.896174279,144.721729731,21.442699300,593.34,802.457739094,223.027901235
36.12700653,Southeast,-84.34895426,700285,Buffalo Mountain,2004,5.131717329,157.841897372,232.331643105,67.889457500,357.934808949,129.887651234,810,187.084759553,223.875
43.64574977,Interior,-96.38956342,700280,MinWind III-IX,2004,2.253133401,35.883361348,52.310709953,11.3621445,49.810139274,32.719470697,80.85,17.297040201,49.06015625
43.597435,Interior,-92.74367523,700279,McNeilus,2004,0.123470231,748.358525432,61.375263214,87.358208,8.461712035,0.789331029,92.4,936.489220768,57.973333333
41.35754466,Interior,-110.7869853,700263,Evanston (Wyoming Wind Energy Center),2003,1.910772612,5878.250468142,633.959695816,2057.1530694,425.877885818,246.100601821,11232,3559.910026709,614.652187500
46.10712687,West,-119.1493448,700262,Nine Canyon II,2003,6.415021185,29.181509243,84.927886963,8.011136500,280.409652239,28.113293439,187.2,79.905259228,82.693333333
32.36139053,Interior,-100.3371365,700261,Sweetwater,2003,2.325859117,370.830715273,205.296258926,135.109038,146.825854833,55.957244047,862.5,354.511740843,194.81
44.36571743,Interior,-99.46093835,700257,South Dakota,2003,2.952325473,370.385992275,230.357422829,255.233432250,115.676460328,42.151041692,1093.5,700.445322701,220.102500000
41.59685729,Northeast,-75.43673937,700255,Waymart Wind Farm,2003,3.775535877,734.597707626,344.182034492,442.272968268,269.653604351,73.997499916,2773.5,1611.682828942,327.1090625
39.78936672,Northeast,-79.00325699,700254,Meyersdale,2003,5.701385950,105.237569471,161.303329468,64.92654,184.824264469,33.064645375,600,362.925410632,151.878125
45.81504831,West,-117.8442697,700253,Combine Hills I,2003,0.005458639,276992.12669256,227.485931396,568.048485416,95.822806323,47.921434603,1512,1135.859150527,230.840000000
36.58509288,Interior,-99.3007642,700252,OK Wind Energy Center(mooreland),2003,3.542403446,1957.992674988,597.486991882,857.591153650,549.968359623,301.507480651,6936,1564.299495922,567.601666666
34.853194,Interior,-98.57407837,700251,Blue Canyon I,2003,6.404757717,521.682497248,407.496042252,281.38698675,534.339742347,315.626010341,3341.25,476.374712710,385.450000000
34.60962245,Interior,-104.0614002,700249,New Mexico Wind Energy Center,2003,0.923121648,12479.395353843,997.503601074,3610.801229606,408.374736307,198.045920050,11520,7445.545960397,938.755555556
46.31877109,Interior,-98.88572584,700247,North Dakota Wind II,2003,2.757211184,213.258963740,232.710399628,97.750513,168.428783591,70.039732330,588,235.066575103,222.195555556
46.32244025,Interior,-98.8865461,700246,North Dakota Wind I,2003,1.596576872,1369.805637521,448.798627853,750.557519998,157.347034509,90.813467344,2187,1300.445885983,427.14
43.97248173,Interior,-96.00809002,700244,Viking,2003,4.429426749,21.673233453,67.159675598,7.694997333,99.805102813,32.800620701,96,23.414191061,63.2
44.06682452,Interior,-96.05581598,700240,Moraine Wind Power project,2003,2.956747839,586.455150773,287.575183868,343.038282782,171.864199884,114.856755303,1734,513.300239454,273.02
43.98236284,Interior,-92.85482279,700236,McNeilus,2003,2.898208785,178.972613225,207.675699234,93.835484560,143.721749434,76.400645124,518.7,176.519451871,197.105277778
43.55362871,Interior,-92.7229911,700235,G. McNeilus Wind Farm,2003,5.279930660,23.011665841,68.171401978,6.893009250,158.638986303,40.017255749,121.5,27.325711859,64.405000000
44.01193572,Interior,-96.04296621,700232,Chanarambie,2003,2.474714360,3938.636376269,963.722677231,2006.386192696,553.810629300,537.145366415,9747,2068.635549100,911.042962963
33.9143582,West,-116.5910947,700221,Mountain View Power Partners III,2003,5.502983723,439.321670186,1204.342738147,106.609619595,2517.140395211,813.949442065,2417.58,329.690477236,1183.8496875
38.13088938,West,-121.802868,700219,High Winds,2003,4.785143988,3046.930256556,692.807078362,1340.894471319,978.600499938,780.663751549,14580,1680.877327014,671.442187500
39.18529146,Southeast,-79.53543975,700214,Mountaineer Wind Energy Center (Thomas),2002,4.781743201,593.507405335,344.458387375,484.1096004,252.079281012,54.939076220,2838,2221.260501555,323.407777778
46.09379355,West,-119.0983216,700213,Nine Canyon,2002,3.427450253,218.471442265,175.096229553,59.090512686,304.130040226,55.451294606,748.8,324.089818418,170.2575
45.29398246,West,-120.271419,700209,"Condon Wind Project, phase II",2002,2.155924925,490.926185585,292.088988304,230.581969200,192.785238821,107.845805534,1058.4,412.188492449,285.559166667
33.92611722,West,-116.6210044,700196,Whitewater Hill,2002,10.723196641,470.288867117,891.502962110,86.958944682,4755.416495806,1510.10167907,5043,273.839838556,879.971358025
41.71537583,Interior,-106.1184787,700190,Rock River I,2001,4.067553154,206.758207754,292.740681647,104.52915295,233.322468533,330.941874832,841,73.695720774,281.7440625
42.9607914,Great Lakes,-90.383218,700189,Montfort Wind Farm,2001,3.278270082,183.023358356,152.950325012,71.882955,166.938045327,7.802239676,600,1538.019914606,143.375
46.01798911,West,-118.8185892,700188,Stateline Wind Project,2001,3.894183894,12082.310768646,1976.438130854,8208.322673183,1530.464636956,1126.466775490,47050.740000000,11152.168757518,1933.871111110
32.4352169,Interior,-100.2357253,700186,Trent Mesa,2001,2.566826448,4207.530278610,901.879119873,1746.58507548,618.349495346,264.662695185,10800,4080.66576684,862.875000000
31.243954,Interior,-102.2126389,700184,King Mtn. Wind Ranch,2001,2.036876761,29911.382550777,1963.069579124,10887.461644921,1225.515242685,842.636722066,60925.800000000,15834.522577293,1873.119166668
30.92895113,Interior,-102.1230524,700181,Desert Sky,2003,3.024229801,4701.071326518,983.071952820,2409.959779848,637.126383951,514.305086056,14217.12,2985.482744827,941.670000000
39.92044915,Northeast,-79.39084201,700177,Mill Run Windpower LLC,2001,5.064469819,23.990665230,75.943645477,9.27522,117.894777698,41.874034272,121.5,26.114035082,71.325
45.99325308,West,-118.7995387,700176,Stateline Wind Project,2001,1.970407831,4163.503549491,807.169804573,1351.57417175,667.679228312,304.234781227,8203.800000000,2966.189455251,793.466666666
46.42126846,West,-122.249387,700175,Klondike I,2001,0.005479794,4379.72667334,5.754523277,6.3635936,3.771453916,0.678406978,24,35.376994586,5.766388889
45.25295527,West,-120.2708991,700174,"Condon Wind Project, phase I",2001,1.168982264,862.801798960,290.816711903,325.614061908,126.998814970,64.146824985,1008.6,644.655444910,284.7065625
42.98913153,Northeast,-75.76067955,700173,Fenner Wind Power Project,2001,2.628929202,184.295567811,142.615495682,103.8051705,79.345758601,51.624712005,484.5,159.545684228,132.719629630
44.22468789,Interior,-96.22224681,700169,Ruthton Wind Farm,2001,1.578787150,240.792433555,204.528717041,93.308713200,97.781222001,45.31232913,380.16,201.354469638,194.130370370
43.36488347,Interior,-93.41143044,700155,Top of Iowa,2001,2.574698379,2768.829179829,701.009657383,2148.927294135,295.250612588,314.772343082,7128.900000000,2015.653896991,658.649444445
40.94412486,Interior,-103.1609442,700152,Peetz Table Wind Farm,2001,1.945078255,290.116862197,152.528138161,153.46624425,69.863571969,27.124747571,564.3,395.273724551,146.521666667
33.90913669,West,-116.6134885,700150,Mountain View Power Partners I & II,2001,7.638425662,711.979174812,1127.396263123,326.186441786,1717.285356595,1832.919453459,5438.400000000,305.608191863,1093.702638887
41.67542504,Interior,-106.179642,700148,Foote Creek 4,2000,4.489545991,224.788876647,600.418668748,84.565468781,692.169047765,584.639256742,1009.2,100.119174902,573.021875
42.89491926,Northeast,-75.45203945,700143,Madison Windpower,2000,5.367956973,15.061596134,55.003935814,3.855978,146.772102953,,80.85,,50.825833333
44.42246318,Interior,-96.4350276,700142,North Shaokatan Wind Farm,2000,2.153839030,78.445973738,130.689773560,31.329632,86.287639765,41.570315846,168.96,65.031019010,123.537777778
41.63196649,Interior,-106.2010226,700137,Foote Creek Rim I,1999,4.611953482,584.004155786,708.895009992,363.491520127,496.456698459,435.150225961,2693.4,414.702301031,669.1625
41.66389408,Interior,-106.1847539,700136,Foote Creek 3,1999,6.342708354,257.539825081,683.235036851,90.973713372,1185.078590335,1152.30084255,1633.5,93.561504096,661.686666670
32.1894244,Interior,-101.4030851,700130,Big Spring I,1999,0.349339564,733.985000597,175.296515465,74.977568925,71.816278884,3.441854196,256.41,1564.450349759,167.174583333
43.98616207,Interior,-96.07781579,700126,Woodstock,1999,3.399672250,18.001735315,48.767503738,6.512603150,56.382984122,57.109354894,61.2,6.429769706,47.22
44.39849112,Interior,-96.43220011,700125,Shaokatan Hills,1999,2.098517620,33.966834162,49.320693970,16.225193875,26.359007066,23.418198133,71.28,18.262720196,46.992500000
44.13500406,Interior,-96.13817666,700122,Lake Benton II,1999,1.848505472,8296.837758424,1223.173299790,6161.479522570,355.946204474,402.148274461,15336.75,5453.598558737,1167.05875
43.06398752,Interior,-93.45222233,700115,Cerro Gordo/Hawkeye Power/Clear Lake,1999,1.420928388,1539.134567201,421.057668686,640.925866350,184.261560035,113.964697688,2187,1036.268268998,399.352500000
35.07898564,West,-118.3098132,700101,Cameron Ridge,1999,3.134330889,80.399935092,199.145488739,4.239507524,1188.817326448,169.566207970,252,29.722903286,204.475
33.91436371,West,-116.7096691,700100,Cabazon,1999,9.834304480,206.216922006,554.896736144,75.077262248,1404.632998631,1583.058200968,2028,66.615365080,525.402222223
44.32674577,Interior,-96.37907181,700091,Lake Benton I,1998,1.799471701,8227.414742476,1204.929860115,5821.883524533,358.561793825,375.792346138,14805,5554.942833331,1142.011875
